chromosome	start	end	copyNumber	bafCount	observedBAF	baf	segmentStartSupport	segmentEndSupport	method	depthWindowCount	gcContent	minStart	maxStart	minorAllelePloidy	majorAllelePloidy
chr1	1	123035433	1.9108	16956	0.5523	0.5264	TELOMERE	CENTROMERE	BAF_WEIGHTED	107759	0.4226	1	1	0.9049	1.0060
chr1	123035434	249250621	2.0873	16002	0.5513	0.5272	CENTROMERE	TELOMERE	BAF_WEIGHTED	92110	0.4072	123035434	123035434	0.9868	1.1005
chr2	1	32062000	2.1479	4558	0.5517	0.5390	TELOMERE	NONE	BAF_WEIGHTED	29957	0.4240	1	1	0.9901	1.1577
chr2	32062001	32640000	1.7341	1	0.8889	2.3905	NONE	NONE	BAF_WEIGHTED	550	0.4017	32062001	32062001	0.0000	1.7341
chr2	32640001	93826170	2.1104	8651	0.5510	0.5278	NONE	CENTROMERE	BAF_WEIGHTED	52056	0.3964	32640001	32640001	0.9966	1.1138
chr2	93826171	106696000	2.0574	1847	0.5510	0.5140	CENTROMERE	NONE	BAF_WEIGHTED	9476	0.4242	93826171	93826171	1.0000	1.0574
chr2	106696001	106879000	2.1643	10	0.6088	0.9454	NONE	NONE	BAF_WEIGHTED	148	0.4381	106695001	106696001	0.1182	2.0461
chr2	106879001	243199373	2.0693	17271	0.5506	0.5199	NONE	TELOMERE	BAF_WEIGHTED	123686	0.3948	106879001	106879001	0.9935	1.0758
chr3	1	92004853	1.0774	13469	0.5727	1.0177	TELOMERE	CENTROMERE	BAF_WEIGHTED	83781	0.4017	1	1	0.0000	1.0774
chr3	92004854	198022430	1.0814	16782	0.5752	1.0373	CENTROMERE	TELOMERE	BAF_WEIGHTED	96782	0.3898	92004854	92004854	0.0000	1.0814
chr4	1	51160116	2.0417	7446	0.5506	0.5193	TELOMERE	CENTROMERE	BAF_WEIGHTED	44185	0.3994	1	1	0.9814	1.0603
chr4	51160117	190685000	2.0668	22311	0.5504	0.5162	CENTROMERE	NONE	BAF_WEIGHTED	126314	0.3721	51160117	51160117	1.0000	1.0668
chr4	190685001	191154276	2.4832	11	0.6042	0.8852	NONE	TELOMERE	BAF_WEIGHTED	104	0.4195	190540001	190685001	0.2852	2.1980
chr5	1	47905640	2.0312	7984	0.5508	0.5160	TELOMERE	CENTROMERE	BAF_WEIGHTED	41807	0.3903	1	1	0.9830	1.0482
chr5	47905641	54290000	1.4945	539	0.5600	0.6691	CENTROMERE	NONE	BAF_WEIGHTED	4181	0.3735	47905641	47905641	0.4945	1.0000
chr5	54290001	180915260	2.0926	18428	0.5507	0.5258	NONE	TELOMERE	BAF_WEIGHTED	114984	0.3956	54290001	54290001	0.9923	1.1003
chr6	1	60330165	2.0253	10711	0.5519	0.5223	TELOMERE	CENTROMERE	BAF_WEIGHTED	53261	0.4168	1	1	0.9676	1.0577
chr6	60330166	67662000	2.0271	1293	0.5526	0.5207	CENTROMERE	NONE	BAF_WEIGHTED	5142	0.3519	60330166	60330166	0.9716	1.0555
chr6	67662001	69031000	1.6430	313	0.5510	0.6086	NONE	NONE	BAF_WEIGHTED	1288	0.3416	67662001	67662001	0.6430	1.0000
chr6	69031001	171115067	1.1846	16463	0.5583	0.8404	NONE	TELOMERE	BAF_WEIGHTED	94730	0.3853	69031001	69031001	0.1890	0.9956
chr7	1	51599000	2.0332	10418	0.5510	0.5212	TELOMERE	NONE	BAF_WEIGHTED	46194	0.4072	1	1	0.9735	1.0597
chr7	51599001	56770000	1.4318	912	0.5624	0.7146	NONE	NONE	BAF_WEIGHTED	4541	0.3927	51594001	51600001	0.4086	1.0232
chr7	56770001	59554330	1.9194	42	0.5454	0.5323	NONE	CENTROMERE	BAF_WEIGHTED	384	0.4420	56762001	56770001	0.8976	1.0218
chr7	59554331	98410000	2.0039	4332	0.5500	0.5229	CENTROMERE	NONE	BAF_WEIGHTED	30045	0.3943	59554331	59554331	0.9560	1.0479
chr7	98410001	99588000	1.8678	29	0.5882	0.9044	NONE	NONE	BAF_WEIGHTED	1098	0.4576	98408001	98410001	0.1786	1.6892
chr7	99588001	142104000	2.0234	5940	0.5510	0.5307	NONE	NONE	BAF_WEIGHTED	38784	0.3955	99588001	99588001	0.9495	1.0739
chr7	142104001	142457000	3.0471	4	0.6236	0.8957	NONE	NONE	BAF_WEIGHTED	157	0.4357	142042001	142105001	0.3177	2.7294
chr7	142457001	142485000	4.8066	1	0.7049	0.9952	NONE	NONE	BAF_WEIGHTED	21	0.4820	142329001	142457001	0.0231	4.7836
chr7	142485001	151980000	1.8336	1921	0.5521	0.5464	NONE	NONE	BAF_WEIGHTED	7743	0.4128	142485001	142485001	0.8317	1.0020
chr7	151980001	152245000	1.4695	17	0.5932	1.0608	NONE	NONE	BAF_WEIGHTED	193	0.4321	151970001	151989001	0.0000	1.4695
chr7	152245001	159138663	1.8758	1650	0.5533	0.5358	NONE	TELOMERE	BAF_WEIGHTED	5736	0.4585	152245001	152245001	0.8708	1.0050
chr8	1	593000	2.4405	59	0.5833	0.8292	TELOMERE	NONE	BAF_WEIGHTED	285	0.4533	1	1	0.4168	2.0237
chr8	593001	3073000	1.5569	596	0.5864	0.9628	NONE	NONE	BAF_WEIGHTED	2074	0.4467	593001	594001	0.0579	1.4989
chr8	3073001	3551000	2.4900	228	0.5643	0.5984	NONE	NONE	BAF_WEIGHTED	434	0.3926	3073001	3073001	1.0000	1.4900
chr8	3551001	3721000	1.6880	148	0.5789	0.8919	NONE	NONE	BAF_WEIGHTED	166	0.3934	3551001	3551001	0.1825	1.5054
chr8	3721001	3940000	4.2790	96	0.5585	0.5326	NONE	NONE	BAF_WEIGHTED	214	0.3763	3721001	3721001	2.0000	2.2790
chr8	3940001	4675000	2.7676	391	0.5577	0.7226	NONE	NONE	BAF_WEIGHTED	721	0.3787	3940001	3942001	0.7676	2.0000
chr8	4675001	5019000	2.1093	50	0.5746	0.8114	NONE	NONE	BAF_WEIGHTED	330	0.3748	4675001	4675001	0.3978	1.7115
chr8	5019001	5626000	2.8331	266	0.5565	0.7060	NONE	NONE	BAF_WEIGHTED	578	0.3794	5019001	5019001	0.8331	2.0000
chr8	5626001	9149000	1.7698	578	0.6000	0.9783	NONE	NONE	BAF_WEIGHTED	2204	0.4226	5626001	5626001	0.0383	1.7314
chr8	9149001	9459000	3.9313	22	0.5521	0.5087	NONE	NONE	BAF_WEIGHTED	299	0.4227	9149001	9149001	1.9313	2.0000
chr8	9459001	9650000	1.7648	36	0.6000	0.9794	NONE	NONE	BAF_WEIGHTED	176	0.3677	9459001	9459001	0.0364	1.7285
chr8	9650001	9969000	3.6508	19	0.5439	0.5478	NONE	NONE	BAF_WEIGHTED	304	0.4312	9650001	9650001	1.6508	2.0000
chr8	9969001	11049000	2.9626	339	0.5517	0.6751	NONE	NONE	BAF_WEIGHTED	1023	0.4577	9969001	9969001	0.9626	2.0000
chr8	11049001	11629000	1.9996	12	0.5953	0.8094	NONE	NONE	BAF_WEIGHTED	508	0.4621	11049001	11049001	0.3812	1.6184
chr8	11629001	34231000	1.4977	5005	0.5994	1.0357	NONE	NONE	BAF_WEIGHTED	20847	0.4083	11629001	11629001	0.0000	1.4977
chr8	34231001	36281000	2.3974	165	0.5472	0.5829	NONE	NONE	BAF_WEIGHTED	1943	0.3789	34231001	34231001	1.0000	1.3974
chr8	36281001	36883000	3.4903	40	0.5467	0.5730	NONE	NONE	BAF_WEIGHTED	576	0.3840	36281001	36281001	1.4903	2.0000
chr8	36883001	37609000	2.5088	108	0.5544	0.6014	NONE	NONE	BAF_WEIGHTED	704	0.4394	36883001	36883001	1.0000	1.5088
chr8	37609001	45338886	1.6971	876	0.5730	0.8612	NONE	CENTROMERE	BAF_WEIGHTED	5748	0.4216	37609001	37609001	0.2355	1.4616
chr8	45338887	49083000	1.6263	113	0.5487	0.6451	CENTROMERE	NONE	BAF_WEIGHTED	1900	0.4318	45338887	45338887	0.5772	1.0491
chr8	49083001	146364022	2.0994	14548	0.5510	0.5252	NONE	TELOMERE	BAF_WEIGHTED	89699	0.3925	49083001	49083001	0.9967	1.1027
chr9	1	403000	2.0515	107	0.6250	1.0325	TELOMERE	NONE	BAF_WEIGHTED	188	0.4135	1	1	0.0000	2.0515
chr9	403001	2978000	1.2410	802	0.5803	1.0135	NONE	NONE	BAF_WEIGHTED	2420	0.4060	403001	403001	0.0000	1.2410
chr9	2978001	3561000	2.0749	43	0.6296	1.0478	NONE	NONE	BAF_WEIGHTED	537	0.3646	2978001	2978001	0.0000	2.0749
chr9	3561001	4580000	3.2771	279	0.5614	0.6103	NONE	NONE	BAF_WEIGHTED	967	0.4008	3561001	3561001	1.2771	2.0000
chr9	4580001	5071000	2.1158	142	0.5526	0.5274	NONE	NONE	BAF_WEIGHTED	444	0.4026	4580001	4580001	1.0000	1.1158
chr9	5071001	5797000	3.1735	67	0.5600	0.6302	NONE	NONE	BAF_WEIGHTED	644	0.3859	5071001	5071001	1.1735	2.0000
chr9	5797001	6279000	2.3094	33	0.5577	0.5670	NONE	NONE	BAF_WEIGHTED	443	0.3953	5797001	5797001	1.0000	1.3094
chr9	6279001	7623000	1.0637	381	0.5714	1.0209	NONE	NONE	BAF_WEIGHTED	1257	0.4081	6279001	6282001	0.0000	1.0637
chr9	7623001	8418000	1.9245	161	0.5435	0.5196	NONE	NONE	BAF_WEIGHTED	737	0.3814	7623001	7623001	0.9245	1.0000
chr9	8418001	12198000	0.8482	543	0.5741	1.0000	NONE	NONE	BAF_WEIGHTED	3582	0.3516	8418001	8418001	0.0000	0.8482
chr9	12198001	15590000	1.8676	383	0.6047	0.9801	NONE	NONE	BAF_WEIGHTED	3219	0.3785	12198001	12198001	0.0372	1.8304
chr9	15590001	16976000	1.2668	168	0.5833	1.0236	NONE	NONE	BAF_WEIGHTED	1292	0.3980	15590001	15590001	0.0000	1.2668
chr9	16976001	18139000	2.1162	121	0.6190	0.9955	NONE	NONE	BAF_WEIGHTED	1077	0.3800	16976001	16979001	0.0095	2.1067
chr9	18139001	19062000	1.6105	161	0.6038	1.0354	NONE	NONE	BAF_WEIGHTED	858	0.3930	18139001	18139001	0.0000	1.6105
chr9	19062001	19913000	1.0042	93	0.5833	1.1387	NONE	NONE	BAF_WEIGHTED	790	0.4062	19062001	19062001	0.0000	1.0042
chr9	19913001	20239000	1.9226	51	0.5818	0.8667	NONE	NONE	BAF_WEIGHTED	296	0.3854	19913001	19913001	0.2563	1.6663
chr9	20239001	20389000	3.0568	20	0.6350	0.9305	NONE	NONE	BAF_WEIGHTED	144	0.4081	20239001	20239001	0.2123	2.8445
chr9	20389001	21269000	1.6667	151	0.6031	1.0182	NONE	NONE	BAF_WEIGHTED	783	0.3694	20389001	20389001	0.0000	1.6667
chr9	21269001	22844000	0.9646	266	0.5588	1.0000	NONE	NONE	BAF_WEIGHTED	1435	0.3725	21269001	21269001	0.0000	0.9646
chr9	22844001	22937000	2.0859	23	0.5902	0.8797	NONE	NONE	BAF_WEIGHTED	90	0.3642	22844001	22844001	0.2509	1.8351
chr9	22937001	25429000	0.9423	277	0.5659	1.0051	NONE	NONE	BAF_WEIGHTED	2286	0.3581	22937001	22937001	0.0000	0.9423
chr9	25429001	25610000	1.9597	29	0.5472	0.5103	NONE	NONE	BAF_WEIGHTED	178	0.3514	25429001	25429001	0.9597	1.0000
chr9	25610001	26318000	3.2406	79	0.5862	0.7643	NONE	NONE	BAF_WEIGHTED	664	0.3619	25610001	25610001	0.7638	2.4768
chr9	26318001	27189000	2.0068	24	0.5743	0.8222	NONE	NONE	BAF_WEIGHTED	825	0.3815	26318001	26318001	0.3568	1.6500
chr9	27189001	27421000	0.1861	41	0.5667	1.0000	NONE	NONE	BAF_WEIGHTED	214	0.4104	27189001	27189001	0.0000	0.1861
chr9	27421001	27667000	1.1107	62	0.5754	1.0299	NONE	NONE	BAF_WEIGHTED	236	0.3986	27421001	27421001	0.0000	1.1107
chr9	27667001	28000000	2.1399	78	0.5673	0.7779	NONE	NONE	BAF_WEIGHTED	318	0.3826	27667001	27667001	0.4753	1.6646
chr9	28000001	28125000	0.4087	18	0.5736	1.0000	NONE	NONE	BAF_WEIGHTED	110	0.3677	28000001	28000001	0.0000	0.4087
chr9	28125001	28320000	1.6646	18	0.6150	1.0778	NONE	NONE	BAF_WEIGHTED	176	0.3570	28125001	28125001	0.0000	1.6646
chr9	28320001	30973000	0.0232	479	0.5517	1.0000	NONE	NONE	BAF_WEIGHTED	2487	0.3477	28320001	28320001	0.0000	0.0232
chr9	30973001	31239000	0.9518	69	0.5682	1.0000	NONE	NONE	BAF_WEIGHTED	241	0.3517	30973001	30973001	0.0000	0.9518
chr9	31239001	31426000	2.0965	24	0.6174	0.9985	NONE	NONE	BAF_WEIGHTED	165	0.3444	31239001	31239001	0.0031	2.0934
chr9	31426001	31618000	3.2253	0	0.0000	0.9990	NONE	NONE	BAF_WEIGHTED	179	0.3543	31426001	31426001	0.0031	3.2222
chr9	31618001	32010000	1.5332	21	0.5714	0.8832	NONE	NONE	BAF_WEIGHTED	360	0.3611	31618001	31618001	0.1791	1.3542
chr9	32010001	32743000	2.1633	90	0.6147	0.9697	NONE	NONE	BAF_WEIGHTED	653	0.3910	32010001	32010001	0.0655	2.0977
chr9	32743001	32991000	2.7359	7	0.5319	0.6345	NONE	NONE	BAF_WEIGHTED	238	0.4127	32743001	32743001	1.0000	1.7359
chr9	32991001	33341000	1.0402	62	0.5639	0.9420	NONE	NONE	BAF_WEIGHTED	330	0.4451	32991001	32991001	0.0603	0.9799
chr9	33341001	33616000	2.8098	70	0.5714	0.7415	NONE	NONE	BAF_WEIGHTED	133	0.4814	33341001	33341001	0.7262	2.0836
chr9	33616001	33803000	4.1628	23	0.5738	0.6925	NONE	NONE	BAF_WEIGHTED	112	0.4023	33616001	33617001	1.2800	2.8827
chr9	33803001	34055000	2.8923	0	0.0000	0.5574	NONE	NONE	BAF_WEIGHTED	242	0.4289	33795001	33805001	1.2800	1.6123
chr9	34055001	34375000	3.8839	0	0.0000	0.6704	NONE	NONE	BAF_WEIGHTED	297	0.4469	34055001	34055001	1.2800	2.6039
chr9	34375001	34558000	2.2963	4	0.5393	0.5645	NONE	NONE	BAF_WEIGHTED	159	0.4801	34375001	34375001	1.0000	1.2963
chr9	34558001	35104000	3.5647	48	0.6208	0.8477	NONE	NONE	BAF_WEIGHTED	470	0.4636	34558001	34558001	0.5429	3.0218
chr9	35104001	35175000	1.9042	1	0.6136	1.0130	NONE	NONE	BAF_WEIGHTED	64	0.4583	35104001	35104001	0.0000	1.9042
chr9	35175001	36898000	1.0263	145	0.5758	1.0703	NONE	NONE	BAF_WEIGHTED	1629	0.4442	35175001	35175001	0.0000	1.0263
chr9	36898001	37114000	3.5620	61	0.6667	0.9793	NONE	NONE	BAF_WEIGHTED	194	0.4689	36898001	36898001	0.0737	3.4884
chr9	37114001	37765000	2.8734	69	0.6667	1.0551	NONE	NONE	BAF_WEIGHTED	632	0.4221	37114001	37116001	0.0000	2.8734
chr9	37765001	38303000	2.2839	56	0.6236	0.9860	NONE	NONE	BAF_WEIGHTED	512	0.4580	37765001	37767001	0.0321	2.2518
chr9	38303001	48867678	0.9691	82	0.5830	1.0000	NONE	CENTROMERE	BAF_WEIGHTED	339	0.4454	38303001	38303001	0.0000	0.9691
chr9	48867679	141213431	2.0020	10488	0.5540	0.5239	CENTROMERE	TELOMERE	BAF_WEIGHTED	63159	0.4256	48867679	48867679	0.9530	1.0489
chr10	1	3820000	1.1093	705	0.5714	1.0007	TELOMERE	NONE	BAF_WEIGHTED	3439	0.4386	1	1	0.0000	1.1093
chr10	3820001	22191000	1.7753	3512	0.5527	0.5630	NONE	NONE	BAF_WEIGHTED	16970	0.4091	3820001	3820001	0.7759	0.9994
chr10	22191001	24263000	1.1448	160	0.5714	0.9890	NONE	NONE	BAF_WEIGHTED	1922	0.4000	22191001	22191001	0.0126	1.1322
chr10	24263001	40754934	1.8607	2090	0.5509	0.5427	NONE	CENTROMERE	BAF_WEIGHTED	13208	0.4055	24263001	24263001	0.8510	1.0097
chr10	40754935	135534747	2.0427	13856	0.5511	0.5192	CENTROMERE	TELOMERE	BAF_WEIGHTED	81788	0.4173	40754935	40754935	0.9821	1.0606
chr11	1	20216000	2.0750	4082	0.5517	0.5279	TELOMERE	NONE	BAF_WEIGHTED	17098	0.4345	1	1	0.9796	1.0954
chr11	20216001	50772000	1.0551	4258	0.5734	1.0326	NONE	NONE	BAF_WEIGHTED	27099	0.3915	20216001	20216001	0.0000	1.0551
chr11	50772001	53144204	2.4518	0	0.0000	1.0140	NONE	CENTROMERE	BAF_WEIGHTED	191	0.3744	50729001	50772001	0.0000	2.4518
chr11	53144205	56465000	2.0758	1	0.6909	1.3052	CENTROMERE	NONE	BAF_WEIGHTED	1289	0.3569	53144205	53144205	0.0000	2.0758
chr11	56465001	57209000	2.2252	153	0.5556	0.5506	NONE	NONE	BAF_WEIGHTED	673	0.4219	56465001	56465001	1.0000	1.2252
chr11	57209001	57588000	3.2121	48	0.5801	0.7472	NONE	NONE	BAF_WEIGHTED	356	0.4694	57209001	57209001	0.8120	2.4002
chr11	57588001	57726000	2.1631	0	0.0000	0.5377	NONE	NONE	BAF_WEIGHTED	125	0.4241	57588001	57588001	1.0000	1.1631
chr11	57726001	57813000	3.7066	0	0.0000	0.7302	NONE	NONE	BAF_WEIGHTED	76	0.4109	57726001	57726001	1.0000	2.7066
chr11	57813001	58272000	2.0317	191	0.5472	0.5078	NONE	NONE	BAF_WEIGHTED	407	0.3755	57813001	57813001	1.0000	1.0317
chr11	58272001	65788000	0.9222	1236	0.5706	1.0131	NONE	NONE	BAF_WEIGHTED	6411	0.4694	58272001	58272001	0.0000	0.9222
chr11	65788001	66561000	1.7877	45	0.5690	0.8274	NONE	NONE	BAF_WEIGHTED	670	0.4941	65788001	65789001	0.3085	1.4792
chr11	66561001	66711000	2.8884	0	0.0000	0.7053	NONE	NONE	BAF_WEIGHTED	126	0.4964	66561001	66561001	0.8511	2.0372
chr11	66711001	67921000	3.7029	63	0.5962	0.7701	NONE	NONE	BAF_WEIGHTED	735	0.5122	66711001	66711001	0.8511	2.8518
chr11	67921001	68605000	2.9198	82	0.5618	0.6850	NONE	NONE	BAF_WEIGHTED	617	0.4777	67921001	67921001	0.9198	2.0000
chr11	68605001	68777000	1.8827	54	0.5677	0.8096	NONE	NONE	BAF_WEIGHTED	147	0.5040	68605001	68605001	0.3585	1.5243
chr11	68777001	69057000	7.0185	116	0.6842	0.8592	NONE	NONE	BAF_WEIGHTED	239	0.5245	68777001	68779001	0.9885	6.0299
chr11	69057001	69240000	12.3631	13	0.7755	0.9248	NONE	NONE	BAF_WEIGHTED	120	0.5059	69057001	69057001	0.9292	11.4339
chr11	69240001	69688000	17.1297	127	0.8190	0.9437	NONE	NONE	BAF_WEIGHTED	410	0.5159	69240001	69240001	0.9646	16.1652
chr11	69688001	69844000	12.1757	11	0.7778	0.9306	NONE	NONE	BAF_WEIGHTED	77	0.5184	69688001	69688001	0.8454	11.3303
chr11	69844001	70082000	5.8947	114	0.6587	0.8399	NONE	NONE	BAF_WEIGHTED	220	0.5138	69844001	69844001	0.9438	4.9508
chr11	70082001	70533000	4.9824	63	0.6364	0.8156	NONE	NONE	BAF_WEIGHTED	407	0.5011	70082001	70082001	0.9185	4.0638
chr11	70533001	70748000	6.3058	54	0.6619	0.8338	NONE	NONE	BAF_WEIGHTED	202	0.5219	70533001	70533001	1.0480	5.2578
chr11	70748001	71041000	4.5535	34	0.6360	0.8360	NONE	NONE	BAF_WEIGHTED	271	0.4918	70748001	70748001	0.7469	3.8067
chr11	71041001	71296000	6.3148	49	0.6533	0.8158	NONE	NONE	BAF_WEIGHTED	212	0.4974	71041001	71041001	1.1629	5.1519
chr11	71296001	71776000	3.8565	6	0.5324	0.5186	NONE	NONE	BAF_WEIGHTED	152	0.4558	71296001	71336001	1.8565	2.0000
chr11	71776001	71835000	9.4709	0	0.0000	0.8929	NONE	NONE	BAF_WEIGHTED	58	0.4668	71776001	71776001	1.0144	8.4565
chr11	71835001	72276000	12.4117	23	0.7717	0.9183	NONE	NONE	BAF_WEIGHTED	406	0.4547	71835001	71835001	1.0144	11.3973
chr11	72276001	72479000	7.3314	24	0.6692	0.8238	NONE	NONE	BAF_WEIGHTED	177	0.5485	72276001	72276001	1.2916	6.0398
chr11	72479001	72770000	5.1510	37	0.6364	0.8137	NONE	NONE	BAF_WEIGHTED	265	0.4219	72479001	72479001	0.9596	4.1914
chr11	72770001	73799000	2.9734	26	0.5698	0.6970	NONE	NONE	BAF_WEIGHTED	960	0.4532	72770001	72770001	0.9010	2.0724
chr11	73799001	74024000	6.6640	0	0.0000	0.8648	NONE	NONE	BAF_WEIGHTED	209	0.3950	73799001	73799001	0.9010	5.7630
chr11	74024001	74347000	3.2391	19	0.5745	0.7285	NONE	NONE	BAF_WEIGHTED	299	0.4111	74024001	74024001	0.8794	2.3597
chr11	74347001	74615000	4.1455	24	0.6001	0.7619	NONE	NONE	BAF_WEIGHTED	242	0.4377	74347001	74347001	0.9870	3.1585
chr11	74615001	75372000	1.0351	109	0.5588	0.9661	NONE	NONE	BAF_WEIGHTED	715	0.4780	74615001	74615001	0.0351	1.0000
chr11	75372001	75646000	4.0137	3	0.5692	0.6846	NONE	NONE	BAF_WEIGHTED	258	0.4367	75372001	75372001	1.2658	2.7479
chr11	75646001	76427000	1.9953	203	0.5439	0.5012	NONE	NONE	BAF_WEIGHTED	730	0.4485	75646001	75646001	0.9953	1.0000
chr11	76427001	76515000	1.0793	18	0.5817	1.1008	NONE	NONE	BAF_WEIGHTED	84	0.5012	76427001	76428001	0.0000	1.0793
chr11	76515001	77526000	7.8688	73	0.7051	0.8770	NONE	NONE	BAF_WEIGHTED	931	0.4279	76515001	76515001	0.9675	6.9014
chr11	77526001	77880000	9.5838	100	0.7328	0.8943	NONE	NONE	BAF_WEIGHTED	277	0.4394	77526001	77526001	1.0134	8.5704
chr11	77880001	78143000	8.1368	0	0.0000	0.8640	NONE	NONE	BAF_WEIGHTED	254	0.4342	77880001	77880001	1.1067	7.0301
chr11	78143001	135006516	1.0755	9716	0.5734	1.0290	NONE	TELOMERE	BAF_WEIGHTED	52280	0.4031	78143001	78143001	0.0000	1.0755
chr12	1	36356693	1.9820	6592	0.5501	0.5143	TELOMERE	CENTROMERE	BAF_WEIGHTED	31334	0.4015	1	1	0.9626	1.0194
chr12	36356694	57131000	1.8625	2386	0.5527	0.5372	CENTROMERE	NONE	BAF_WEIGHTED	17329	0.4139	36356694	36356694	0.8619	1.0006
chr12	57131001	57272000	1.5953	1	0.8000	2.0591	NONE	NONE	BAF_WEIGHTED	128	0.4246	57131001	57131001	0.0000	1.5953
chr12	57272001	133682000	1.7163	10605	0.5530	0.5860	NONE	NONE	BAF_WEIGHTED	70936	0.4068	57272001	57272001	0.7105	1.0059
chr12	133682001	133851895	1.4214	12	0.5952	1.0437	NONE	TELOMERE	BAF_WEIGHTED	132	0.4319	133502001	133682001	0.0000	1.4214
chr13	1	17499999	1.9865	0	0.0000	0.5028	TELOMERE	CENTROMERE	LONG_ARM	0	0.0000	1	1	0.9877	0.9988
chr13	17500000	39325000	1.9865	3577	0.5530	0.5028	CENTROMERE	NONE	BAF_WEIGHTED	18327	0.4046	1	17500000	0.9877	0.9988
chr13	39325001	39557000	3.1181	97	0.5692	0.7178	NONE	NONE	BAF_WEIGHTED	228	0.3811	39325001	39325001	0.8800	2.2382
chr13	39557001	115169878	1.9559	11989	0.5516	0.5118	NONE	TELOMERE	BAF_WEIGHTED	70511	0.3778	39557001	39557001	0.9550	1.0009
chr14	1	17499999	2.0408	0	0.0000	0.5136	TELOMERE	CENTROMERE	LONG_ARM	0	0.0000	1	1	0.9926	1.0482
chr14	17500000	34495000	2.0408	2133	0.5501	0.5136	CENTROMERE	NONE	BAF_WEIGHTED	12292	0.3924	1	17500000	0.9926	1.0482
chr14	34495001	39642000	1.4153	634	0.5643	0.7445	NONE	NONE	BAF_WEIGHTED	4753	0.3921	34495001	34495001	0.3616	1.0537
chr14	39642001	50041000	2.0134	1554	0.5508	0.5035	NONE	NONE	BAF_WEIGHTED	9491	0.3546	39642001	39642001	0.9996	1.0138
chr14	50041001	50420000	2.5667	0	0.0000	0.6099	NONE	NONE	BAF_WEIGHTED	356	0.4174	50041001	50041001	1.0014	1.5653
chr14	50420001	107349540	1.9513	7580	0.5507	0.5132	NONE	TELOMERE	BAF_WEIGHTED	52601	0.4208	50420001	50420001	0.9499	1.0014
chr15	1	18499999	2.0088	0	0.0000	0.5128	TELOMERE	CENTROMERE	LONG_ARM	0	0.0000	1	1	0.9786	1.0302
chr15	18500000	88799000	2.0088	8798	0.5516	0.5128	CENTROMERE	NONE	BAF_WEIGHTED	57642	0.4194	1	18500000	0.9786	1.0302
chr15	88799001	89019000	3.1863	12	0.5981	0.8042	NONE	NONE	BAF_WEIGHTED	211	0.4568	88799001	88801001	0.6237	2.5626
chr15	89019001	89252000	1.9601	81	0.5500	0.5102	NONE	NONE	BAF_WEIGHTED	205	0.4571	89019001	89019001	0.9601	1.0000
chr15	89252001	89886000	2.6862	208	0.5585	0.6277	NONE	NONE	BAF_WEIGHTED	604	0.4572	89252001	89252001	1.0000	1.6862
chr15	89886001	101769000	2.0779	2634	0.5498	0.5285	NONE	NONE	BAF_WEIGHTED	11206	0.4218	89886001	89886001	0.9797	1.0982
chr15	101769001	102531392	1.0406	80	0.5910	1.1774	NONE	TELOMERE	BAF_WEIGHTED	552	0.4494	101769001	101769001	0.0000	1.0406
chr16	1	32127000	1.8286	4810	0.5512	0.5455	TELOMERE	NONE	BAF_WEIGHTED	25047	0.4593	1	1	0.8310	0.9976
chr16	32127001	32606000	4.6078	7	0.7234	1.0480	NONE	NONE	BAF_WEIGHTED	2	0.4130	32127001	32127001	0.0000	4.6078
chr16	32606001	36835800	1.4800	2	0.6464	1.3249	NONE	CENTROMERE	BAF_WEIGHTED	930	0.4115	32508001	32606001	0.0000	1.4800
chr16	36835801	47212000	1.8179	0	0.0000	0.6900	CENTROMERE	NONE	BAF_WEIGHTED	646	0.4299	36835801	36835801	0.5636	1.2543
chr16	47212001	47923000	2.6691	5	0.5893	0.7889	NONE	NONE	BAF_WEIGHTED	627	0.3841	47212001	47223001	0.5636	2.1056
chr16	47923001	50440000	1.2948	300	0.5653	0.8535	NONE	NONE	BAF_WEIGHTED	2365	0.4521	47923001	47923001	0.1897	1.1052
chr16	50440001	52290000	2.0071	163	0.5455	0.5018	NONE	NONE	BAF_WEIGHTED	1766	0.4283	50440001	50440001	1.0000	1.0071
chr16	52290001	53460000	2.6548	211	0.5526	0.6233	NONE	NONE	BAF_WEIGHTED	1118	0.3989	52290001	52290001	1.0000	1.6548
chr16	53460001	54026000	1.9712	120	0.5455	0.5073	NONE	NONE	BAF_WEIGHTED	552	0.3972	53460001	53460001	0.9712	1.0000
chr16	54026001	57328000	1.3565	453	0.5625	0.7372	NONE	NONE	BAF_WEIGHTED	3113	0.4443	54026001	54026001	0.3565	1.0000
chr16	57328001	59228000	2.0084	292	0.5556	0.5021	NONE	NONE	BAF_WEIGHTED	1731	0.4605	57326001	57328001	1.0000	1.0084
chr16	59228001	59510000	1.3253	85	0.5532	0.7545	NONE	NONE	BAF_WEIGHTED	266	0.3750	59228001	59228001	0.3253	1.0000
chr16	59510001	61146000	2.0558	420	0.5536	0.5136	NONE	NONE	BAF_WEIGHTED	1502	0.3624	59510001	59510001	1.0000	1.0558
chr16	61146001	61773000	2.7730	162	0.5625	0.7213	NONE	NONE	BAF_WEIGHTED	610	0.3580	61146001	61146001	0.7730	2.0000
chr16	61773001	62542000	2.0885	104	0.5509	0.5212	NONE	NONE	BAF_WEIGHTED	731	0.3691	61773001	61773001	1.0000	1.0885
chr16	62542001	64601000	2.8092	227	0.5511	0.7150	NONE	NONE	BAF_WEIGHTED	1971	0.3627	62542001	62543001	0.8007	2.0085
chr16	64601001	65090000	2.0625	118	0.5500	0.5152	NONE	NONE	BAF_WEIGHTED	479	0.3776	64601001	64601001	1.0000	1.0625
chr16	65090001	65522000	1.4745	99	0.5667	0.8696	NONE	NONE	BAF_WEIGHTED	402	0.3946	65090001	65090001	0.1923	1.2822
chr16	65522001	69977000	1.9109	356	0.5537	0.5516	NONE	NONE	BAF_WEIGHTED	4165	0.4654	65522001	65522001	0.8568	1.0541
chr16	69977001	84844000	1.4092	3463	0.5597	0.7062	NONE	NONE	BAF_WEIGHTED	13731	0.4304	69977001	70184001	0.4140	0.9951
chr16	84844001	85271000	1.8849	168	0.5432	0.5305	NONE	NONE	BAF_WEIGHTED	393	0.5205	84844001	84844001	0.8849	1.0000
chr16	85271001	90354753	1.2604	1113	0.5674	0.8593	NONE	TELOMERE	BAF_WEIGHTED	3574	0.5270	85271001	85271001	0.1773	1.0831
chr17	1	3819000	1.6831	598	0.5544	0.5967	TELOMERE	NONE	BAF_WEIGHTED	3030	0.4940	1	1	0.6789	1.0043
chr17	3819001	4200000	0.8266	5	0.5250	1.0000	NONE	NONE	BAF_WEIGHTED	354	0.4703	3819001	3821001	0.0000	0.8266
chr17	4200001	5468000	1.6838	232	0.5490	0.5939	NONE	NONE	BAF_WEIGHTED	1090	0.4876	4200001	4200001	0.6838	1.0000
chr17	5468001	21699000	0.9142	2767	0.5742	1.0001	NONE	NONE	BAF_WEIGHTED	13194	0.4519	5468001	5468001	0.0000	0.9142
chr17	21699001	23763005	1.9991	1	0.5663	0.5002	NONE	CENTROMERE	BAF_WEIGHTED	320	0.4072	21503001	21700001	0.9991	1.0000
chr17	23763006	28084000	1.9113	450	0.5488	0.5198	CENTROMERE	NONE	BAF_WEIGHTED	2490	0.4603	23763006	23763006	0.9178	0.9935
chr17	28084001	32288000	0.9103	425	0.5792	1.0006	NONE	NONE	BAF_WEIGHTED	3637	0.4332	28084001	28084001	0.0000	0.9103
chr17	32288001	32374000	5.2560	11	0.6230	0.7797	NONE	NONE	BAF_WEIGHTED	75	0.4390	32288001	32288001	1.1579	4.0980
chr17	32374001	33760000	1.0166	186	0.5783	1.0944	NONE	NONE	BAF_WEIGHTED	1301	0.4486	32374001	32374001	0.0000	1.0166
chr17	33760001	34977000	2.9295	45	0.5748	0.7445	NONE	NONE	BAF_WEIGHTED	819	0.4423	33760001	33760001	0.7486	2.1808
chr17	34977001	35142000	4.0253	89	0.5854	0.7275	NONE	NONE	BAF_WEIGHTED	162	0.5001	34977001	34977001	1.0971	2.9282
chr17	35142001	35247000	6.0859	24	0.6652	0.8479	NONE	NONE	BAF_WEIGHTED	102	0.4957	35142001	35142001	0.9257	5.1602
chr17	35247001	35353000	4.0207	18	0.6109	0.7956	NONE	NONE	BAF_WEIGHTED	96	0.4611	35247001	35247001	0.8219	3.1988
chr17	35353001	35713000	6.6120	0	0.0000	0.8757	NONE	NONE	BAF_WEIGHTED	355	0.4110	35353001	35353001	0.8219	5.7901
chr17	35713001	35936000	9.9168	3	0.7692	0.9510	NONE	NONE	BAF_WEIGHTED	212	0.4325	35713001	35713001	0.4863	9.4305
chr17	35936001	36860000	6.6132	31	0.6753	0.8528	NONE	NONE	BAF_WEIGHTED	573	0.4815	35936001	35936001	0.9736	5.6396
chr17	36860001	37185000	8.4049	13	0.7258	0.9057	NONE	NONE	BAF_WEIGHTED	299	0.4896	36860001	36863001	0.7927	7.6121
chr17	37185001	37951000	10.3558	33	0.7241	0.8825	NONE	NONE	BAF_WEIGHTED	709	0.4853	37185001	37185001	1.2170	9.1388
chr17	37951001	38118000	7.7189	0	0.0000	0.8937	NONE	NONE	BAF_WEIGHTED	162	0.4383	37951001	37951001	0.8204	6.8985
chr17	38118001	50116000	0.8147	1303	0.5729	1.0070	NONE	NONE	BAF_WEIGHTED	9506	0.4700	38118001	38118001	0.0000	0.8147
chr17	50116001	81195210	1.9253	4324	0.5500	0.5321	NONE	TELOMERE	BAF_WEIGHTED	27476	0.4450	50116001	50116001	0.9008	1.0245
chr18	1	16960897	1.4991	3518	0.5595	0.6686	TELOMERE	CENTROMERE	BAF_WEIGHTED	13173	0.4096	1	1	0.4968	1.0023
chr18	16960898	78077248	2.0648	9357	0.5516	0.5173	CENTROMERE	TELOMERE	BAF_WEIGHTED	56209	0.3936	16960898	16960898	0.9967	1.0681
chr19	1	21769000	2.0060	3852	0.5627	0.5799	TELOMERE	NONE	BAF_WEIGHTED	17442	0.5058	1	1	0.8428	1.1632
chr19	21769001	22525000	2.5946	209	0.5641	0.6146	NONE	NONE	BAF_WEIGHTED	617	0.4022	21745001	21770001	1.0000	1.5946
chr19	22525001	26181781	1.6002	152	0.5481	0.6264	NONE	CENTROMERE	BAF_WEIGHTED	1677	0.4103	22525001	22526001	0.5979	1.0023
chr19	26181782	59128983	1.7439	5000	0.5549	0.5752	CENTROMERE	TELOMERE	BAF_WEIGHTED	26601	0.4749	26181782	26181782	0.7408	1.0031
chr20	1	2093000	1.9755	528	0.5472	0.5154	TELOMERE	NONE	BAF_WEIGHTED	1883	0.4554	1	1	0.9573	1.0182
chr20	2093001	2207000	3.0196	36	0.5746	0.7399	NONE	NONE	BAF_WEIGHTED	112	0.4626	2093001	2093001	0.7855	2.2341
chr20	2207001	27869568	2.0518	4264	0.5513	0.5255	NONE	CENTROMERE	BAF_WEIGHTED	22160	0.4146	2207001	2207001	0.9735	1.0783
chr20	27869569	63025520	2.0142	4859	0.5524	0.5202	CENTROMERE	TELOMERE	BAF_WEIGHTED	30463	0.4594	27869569	27869569	0.9665	1.0477
chr21	1	12788128	2.0205	0	0.0000	0.5069	TELOMERE	CENTROMERE	LONG_ARM	0	0.0990	1	1	0.9964	1.0241
chr21	12788129	48129895	2.0205	6120	0.5514	0.5069	CENTROMERE	TELOMERE	BAF_WEIGHTED	30244	0.4065	12788129	12788129	0.9964	1.0241
chr22	1	14499999	1.0610	0	0.0000	1.0000	TELOMERE	CENTROMERE	LONG_ARM	0	0.0000	1	1	0.0000	1.0610
chr22	14500000	23339000	1.0610	1009	0.5813	1.0505	CENTROMERE	NONE	BAF_WEIGHTED	4001	0.4835	1	14500000	0.0000	1.0610
chr22	23339001	51304566	1.9099	4370	0.5547	0.5485	NONE	TELOMERE	BAF_WEIGHTED	24412	0.4796	23339001	23339001	0.8624	1.0476
chrX	1	5276000	1.2877	542	0.5714	0.9427	TELOMERE	NONE	BAF_WEIGHTED	2249	0.3964	1	1	0.0738	1.2139
chrX	5276001	8938000	1.9980	450	0.5500	0.5005	NONE	NONE	BAF_WEIGHTED	3338	0.3921	5276001	5276001	0.9980	1.0000
chrX	8938001	11966000	1.3785	153	0.5500	0.7254	NONE	NONE	BAF_WEIGHTED	2789	0.4153	8938001	8938001	0.3785	1.0000
chrX	11966001	12490000	1.9570	38	0.5383	0.5110	NONE	NONE	BAF_WEIGHTED	505	0.3863	11966001	11966001	0.9570	1.0000
chrX	12490001	39908000	1.3589	2263	0.5638	0.7579	NONE	NONE	BAF_WEIGHTED	25639	0.3879	12490001	12496001	0.3290	1.0300
chrX	39908001	60132011	1.9551	585	0.5488	0.5343	NONE	CENTROMERE	BAF_WEIGHTED	15279	0.4127	39908001	39908001	0.9105	1.0446
chrX	60132012	155270560	2.0007	5248	0.5519	0.5079	CENTROMERE	TELOMERE	BAF_WEIGHTED	77878	0.3874	60132012	60132012	0.9846	1.0161
chrY	1	11604552	42.7449	0	0.0000	1.0000	TELOMERE	CENTROMERE	LONG_ARM	0	0.0000	1	1	0.0000	42.7449
chrY	11604553	59373566	1.0000	0	0.0000	1.0000	CENTROMERE	TELOMERE	UNKNOWN	14	0.4253	11604553	11604553	0.0000	1.0000
